GA Iterations,iterations,avg_eval_score,runtimes
0,0,0.7256342696517568,30.154005706310272
1,1,0.7268641102379549,33.93979924917221
2,2,0.7268641102379549,37.90212595462799
3,3,0.7268641102379549,41.926019728183746
4,4,0.7268641102379549,46.05254167318344
5,5,0.7269488600773628,50.03707927465439
6,6,0.7269488600773628,53.976318657398224
7,7,0.7269488600773628,57.85675776004791
8,8,0.7273570233426689,61.74293369054794
9,9,0.7273570233426689,65.61054223775864
